<?xml version="1.0" encoding="UTF-8" standalone="yes"?>
<Content>
        
    <Views>
                
        <ViewDef id="c2422141-bf17-4969-8ac5-8526af7e01c7">
                        
            <Title>ESXi Host Hardware - Donut Chart</Title>
                        
            <Description>ESXi Host Hardware - Donut Chart</Description>
                        
            <SubjectType adapterKind="VMWARE" resourceKind="HostSystem" type="descendant"/>
                        
            <Usage>dashboard</Usage>
                        
            <Usage>report</Usage>
                        
            <Usage>details</Usage>
                        
            <Usage>content</Usage>
                        
            <Controls>
                                
                <Control id="time-interval-selector_id_654" type="time-interval-selector" visible="false">
                                        
                    <Property name="advancedTimeMode" value="false"/>
                                        
                    <Property name="unit" value="DAYS"/>
                                        
                    <Property name="count" value="7"/>
                                    
                </Control>
                                
                <Control id="attributes-selector_id_655" type="attributes-selector" visible="false">
                                        
                    <Property name="attributeInfos">
                                                
                        <List>
                                                        
                            <Item>
                                
                                <Value>
                                        
                                    <Property name="objectType" value="RESOURCE"/>
                                        
                                    <Property name="attributeKey" value="hardware|vendorModel"/>
                                        
                                    <Property name="isStringAttribute" value="true"/>
                                        
                                    <Property name="adapterKind" value="VMWARE"/>
                                        
                                    <Property name="resourceKind" value="HostSystem"/>
                                        
                                    <Property name="rollUpCount" value="0"/>
                                        
                                    <Property name="isProperty" value="true"/>
                                        
                                    <Property name="displayName" value="Hardware Model"/>
                                    
                                </Value>
                                                            
                            </Item>
                                                    
                        </List>
                                            
                    </Property>
                                    
                </Control>
                                
                <Control id="buckets-control_id_656" type="buckets-control" visible="false">
                                        
                    <Property name="dynamicCalcFunction" value="DISCRETE"/>
                                        
                    <Property name="isDynamic" value="true"/>
                                        
                    <Property name="isSum" value="false"/>
                                    
                </Control>
                                
                <Control id="metadata_id_657" type="metadata" visible="false">
                                        
                    <Property name="maxPointsCount" value="5000"/>
                                        
                    <Property name="distributionColor" value="0095D3"/>
                                        
                    <Property name="hideObjectNameColumn" value="false"/>
                                        
                    <Property name="listTopResultSize" value="-1"/>
                                    
                </Control>
                            
            </Controls>
                        
            <DataProviders>
                                
                <DataProvider dataType="distribution-view" id="distribution-view_id_653"/>
                            
            </DataProviders>
                        
            <Presentation type="donut-chart"/>
                    
        </ViewDef>
            
    </Views>
    
</Content>
