{
   "dashboards": [{
      "autoswitchEnabled": false,
      "columnCount": 1,
      "columnProportion": "1-1",
      "creationTime": 1674069532685,
      "dashboardNavigations": {},
      "description": "",
      "disabled": false,
      "gridsterMaxColumns": 12,
      "hidden": false,
      "homeTab": false,
      "id": "fd4f3bbf-1a10-4307-9e74-1d32bb3f2198",
      "importAttempts": 0,
      "importComplete": true,
      "lastUpdateTime": 1674082088398,
      "lastUpdateUserId": "287ed085-c6ca-4255-b69c-956f1665ed51",
      "locked": false,
      "name": "vSphere Inventory v6",
      "rank": 0,
      "shared": false,
      "states": [{
         "key": "permDashboardTime_dashboard_fd4f3bbf-1a10-4307-9e74-1d32bb3f2198",
         "value": "o%3AdateRange%3Ds%253Alast7Days%5EdateRangeText%3Ds%253A7D"
      }],
      "temporary": false,
      "userId": "287ed085-c6ca-4255-b69c-956f1665ed51",
      "widgetInteractions": [],
      "widgets": [
         {
            "collapsed": false,
            "config": {
               "boxColumns": 6,
               "boxHeight": null,
               "customFilter": {
                  "excludedResources": null,
                  "filter": [],
                  "includedResources": null
               },
               "depth": 1,
               "labelSize": 16,
               "maxCellCount": 100,
               "metric": {
                  "mode": "resourceKind",
                  "resourceKindMetrics": [
                     {
                        "colorMethod": 2,
                        "handleOldColoring": false,
                        "id": "extModel18395-1",
                        "isStringMetric": false,
                        "label": "vCenters",
                        "link": "",
                        "metricKey": "summary|total_number_vcenters",
                        "metricName": "Summary|Total Number of vCenter Server(s)",
                        "metricUnitId": null,
                        "orangeBound": null,
                        "redBound": null,
                        "resourceKindId": "resourceKind:id:0_::_",
                        "resourceKindName": "vSphere World",
                        "unit": "",
                        "yellowBound": null
                     },
                     {
                        "colorMethod": 2,
                        "handleOldColoring": false,
                        "id": "extModel18395-2",
                        "isStringMetric": false,
                        "label": "Datacenters",
                        "link": "",
                        "metricKey": "summary|total_number_datacenters",
                        "metricName": "Summary|Total Number of Datacenters",
                        "metricUnitId": null,
                        "orangeBound": null,
                        "redBound": null,
                        "resourceKindId": "resourceKind:id:0_::_",
                        "resourceKindName": "vSphere World",
                        "unit": "",
                        "yellowBound": null
                     },
                     {
                        "colorMethod": 2,
                        "handleOldColoring": false,
                        "id": "extModel18395-3",
                        "isStringMetric": false,
                        "label": "Clusters",
                        "link": "",
                        "metricKey": "summary|total_number_clusters",
                        "metricName": "Summary|Total Number of Clusters",
                        "metricUnitId": null,
                        "orangeBound": null,
                        "redBound": null,
                        "resourceKindId": "resourceKind:id:0_::_",
                        "resourceKindName": "vSphere World",
                        "unit": "",
                        "yellowBound": null
                     },
                     {
                        "colorMethod": 2,
                        "handleOldColoring": false,
                        "id": "extModel18395-4",
                        "isStringMetric": false,
                        "label": "ESXi Hosts",
                        "link": "",
                        "metricKey": "summary|total_number_hosts",
                        "metricName": "Summary|Total Number of Hosts",
                        "metricUnitId": null,
                        "orangeBound": null,
                        "redBound": null,
                        "resourceKindId": "resourceKind:id:0_::_",
                        "resourceKindName": "vSphere World",
                        "unit": "",
                        "yellowBound": null
                     },
                     {
                        "colorMethod": 2,
                        "handleOldColoring": false,
                        "id": "extModel8565-1",
                        "isStringMetric": false,
                        "label": "ESXi Host CPUs",
                        "link": "",
                        "metricKey": "cpu|numpackages",
                        "metricName": "CPU|Number of CPU Sockets",
                        "metricUnitId": null,
                        "orangeBound": null,
                        "redBound": null,
                        "resourceKindId": "resourceKind:id:0_::_",
                        "resourceKindName": "vSphere World",
                        "unit": "",
                        "yellowBound": null
                     },
                     {
                        "colorMethod": 2,
                        "handleOldColoring": false,
                        "id": "extModel8565-2",
                        "isStringMetric": false,
                        "label": "ESXi Host CPU Cores",
                        "link": "",
                        "metricKey": "cpu|corecount_provisioned",
                        "metricName": "CPU|Number of physical CPUs",
                        "metricUnitId": -1,
                        "orangeBound": null,
                        "redBound": null,
                        "resourceKindId": "resourceKind:id:0_::_",
                        "resourceKindName": "vSphere World",
                        "unit": "Auto",
                        "yellowBound": null
                     }
                  ],
                  "resourceMetrics": [],
                  "subMode": "resourceKindAll"
               },
               "mode": {"layoutMode": "fixedView"},
               "oldMetricValues": false,
               "periodLength": "last24Hour",
               "refreshContent": {"refreshContent": true},
               "refreshInterval": 300,
               "relationshipMode": {"relationshipMode": 0},
               "resInteractionMode": null,
               "resource": [],
               "roundDecimals": null,
               "selfProvider": {"selfProvider": true},
               "showDT": {"showDT": false},
               "showMetricName": {"showMetricName": true},
               "showMetricUnit": {"showMetricUnit": true},
               "showResourceName": {"showResourceName": false},
               "showSparkline": {"showSparkline": true},
               "title": "vSphere Inventory",
               "valueSize": 24,
               "visualTheme": 6
            },
            "gridsterCoords": {
               "h": 3,
               "w": 12,
               "x": 1,
               "y": 1
            },
            "height": 153,
            "id": "63bdbb73-bc39-48b5-abaa-3b657f707520",
            "states": [{
               "key": "perm_toolbarVisible_widget_fd4f3bbf-1a10-4307-9e74-1d32bb3f2198_63bdbb73-bc39-48b5-abaa-3b657f707520",
               "value": "b%3A0"
            }],
            "title": "vSphere Inventory",
            "type": "Scoreboard"
         },
         {
            "collapsed": false,
            "config": {
               "chartViewItems": ["legend"],
               "isUpdatedView": true,
               "refreshContent": {"refreshContent": true},
               "refreshInterval": 300,
               "resource": {
                  "id": "Ext.vcops.chrome.model.Resource-13",
                  "resourceId": "resource:id:0_::_",
                  "resourceKindId": "002006VMWAREvSphere World",
                  "resourceName": "vSphere World",
                  "traversalSpecId": ""
               },
               "selectFirstRow": {"selectFirstRow": false},
               "selfProvider": {"selfProvider": true},
               "title": "ESXi Host Hardware",
               "traversalSpecId": null,
               "viewDefinitionId": "c2422141-bf17-4969-8ac5-8526af7e01c7"
            },
            "gridsterCoords": {
               "h": 10,
               "w": 4,
               "x": 5,
               "y": 11
            },
            "height": 552,
            "id": "d2f0e0bf-ec95-46a9-9079-c8aeec56af9a",
            "states": [{
               "key": "perm_isDashboardTime_widget_fd4f3bbf-1a10-4307-9e74-1d32bb3f2198_d2f0e0bf-ec95-46a9-9079-c8aeec56af9a",
               "value": "b%3A0"
            }],
            "title": "ESXi Host Hardware",
            "type": "View"
         },
         {
            "collapsed": false,
            "config": {
               "chartViewItems": ["legend"],
               "isUpdatedView": true,
               "refreshContent": {"refreshContent": true},
               "refreshInterval": 300,
               "resource": {
                  "id": "Ext.vcops.chrome.model.Resource-17",
                  "resourceId": "resource:id:0_::_",
                  "resourceKindId": "002006VMWAREvSphere World",
                  "resourceName": "vSphere World",
                  "traversalSpecId": ""
               },
               "selectFirstRow": {"selectFirstRow": false},
               "selfProvider": {"selfProvider": true},
               "title": "ESXi Host BIOS Versions",
               "traversalSpecId": null,
               "viewDefinitionId": "ca7eddf0-38ed-46cb-9e58-21de18b61c0a"
            },
            "gridsterCoords": {
               "h": 10,
               "w": 4,
               "x": 9,
               "y": 11
            },
            "height": 552,
            "id": "b7081c1e-6998-4517-87e7-2ef563479f6c",
            "states": [{
               "key": "perm_isDashboardTime_widget_fd4f3bbf-1a10-4307-9e74-1d32bb3f2198_b7081c1e-6998-4517-87e7-2ef563479f6c",
               "value": "b%3A0"
            }],
            "title": "ESXi Host BIOS Versions",
            "type": "View"
         },
         {
            "collapsed": false,
            "config": {
               "chartViewItems": ["legend"],
               "isUpdatedView": true,
               "refreshContent": {"refreshContent": true},
               "refreshInterval": 300,
               "resource": {
                  "id": "Ext.vcops.chrome.model.Resource-9",
                  "resourceId": "resource:id:0_::_",
                  "resourceKindId": "002006VMWAREvSphere World",
                  "resourceName": "vSphere World",
                  "traversalSpecId": ""
               },
               "selectFirstRow": {"selectFirstRow": false},
               "selfProvider": {"selfProvider": true},
               "title": "ESXi Host Versions",
               "traversalSpecId": null,
               "viewDefinitionId": "d3352245-69ed-4fb8-b8fc-fa5d0a32e2ac"
            },
            "gridsterCoords": {
               "h": 10,
               "w": 4,
               "x": 1,
               "y": 11
            },
            "height": 552,
            "id": "e3d82b1c-b60e-4db8-aabe-5c2db2e52e3f",
            "states": [{
               "key": "perm_isDashboardTime_widget_fd4f3bbf-1a10-4307-9e74-1d32bb3f2198_e3d82b1c-b60e-4db8-aabe-5c2db2e52e3f",
               "value": "b%3A0"
            }],
            "title": "ESXi Host Versions",
            "type": "View"
         },
         {
            "collapsed": false,
            "config": {
               "chartViewItems": ["labels"],
               "isUpdatedView": true,
               "refreshContent": {"refreshContent": true},
               "refreshInterval": 300,
               "resource": {
                  "id": "Ext.vcops.chrome.model.Resource-5",
                  "resourceId": "resource:id:0_::_",
                  "resourceKindId": "002006VMWAREvSphere World",
                  "resourceName": "vSphere World",
                  "traversalSpecId": ""
               },
               "selectFirstRow": {"selectFirstRow": false},
               "selfProvider": {"selfProvider": true},
               "title": "VM VMTools Versions",
               "traversalSpecId": null,
               "viewDefinitionId": "49cf394e-1a87-4722-904b-0d787aff5204"
            },
            "gridsterCoords": {
               "h": 6,
               "w": 6,
               "x": 7,
               "y": 21
            },
            "height": 323,
            "id": "df3c1cbc-ac02-4634-b296-3fff290a05bd",
            "states": [{
               "key": "perm_isDashboardTime_widget_fd4f3bbf-1a10-4307-9e74-1d32bb3f2198_df3c1cbc-ac02-4634-b296-3fff290a05bd",
               "value": "b%3A0"
            }],
            "title": "VM VMTools Versions",
            "type": "View"
         },
         {
            "collapsed": false,
            "config": {
               "chartViewItems": ["labels"],
               "isUpdatedView": true,
               "refreshContent": {"refreshContent": true},
               "refreshInterval": 300,
               "resource": {
                  "id": "Ext.vcops.chrome.model.Resource-3",
                  "resourceId": "resource:id:0_::_",
                  "resourceKindId": "002006VMWAREvSphere World",
                  "resourceName": "vSphere World",
                  "traversalSpecId": ""
               },
               "selectFirstRow": {"selectFirstRow": false},
               "selfProvider": {"selfProvider": true},
               "title": "VM OS Distribution",
               "traversalSpecId": null,
               "viewDefinitionId": "add79651-6238-4507-a690-8db168ecf514"
            },
            "gridsterCoords": {
               "h": 6,
               "w": 6,
               "x": 1,
               "y": 21
            },
            "height": 324,
            "id": "e4e1787c-1cf6-4a27-b892-adf2cc3b3835",
            "states": [{
               "key": "perm_isDashboardTime_widget_fd4f3bbf-1a10-4307-9e74-1d32bb3f2198_e4e1787c-1cf6-4a27-b892-adf2cc3b3835",
               "value": "b%3A0"
            }],
            "title": "VM OS Distribution",
            "type": "View"
         },
         {
            "collapsed": false,
            "config": {
               "chartViewItems": [],
               "isUpdatedView": true,
               "refreshContent": {"refreshContent": true},
               "refreshInterval": 300,
               "resource": {
                  "id": "Ext.vcops.chrome.model.Resource-50",
                  "resourceId": "resource:id:0_::_",
                  "resourceKindId": "002006VMWAREvSphere World",
                  "resourceName": "vSphere World",
                  "traversalSpecId": ""
               },
               "selectFirstRow": {"selectFirstRow": true},
               "selfProvider": {"selfProvider": true},
               "title": "ESXi Host Details",
               "traversalSpecId": null,
               "viewDefinitionId": "57930d41-8f0f-41a5-ad14-55cdb69b08d1"
            },
            "gridsterCoords": {
               "h": 7,
               "w": 12,
               "x": 1,
               "y": 4
            },
            "height": 381,
            "id": "3c4b1e83-1692-4c07-8ede-f0fb2ebea72d",
            "states": [{
               "key": "perm_isDashboardTime_widget_fd4f3bbf-1a10-4307-9e74-1d32bb3f2198_3c4b1e83-1692-4c07-8ede-f0fb2ebea72d",
               "value": "b%3A0"
            }],
            "title": "ESXi Host Details",
            "type": "View"
         }
      ]
   }],
   "entries": {
      "resource": [{
         "adapterKindKey": "VMWARE",
         "identifiers": [],
         "internalId": "resource:id:0_::_",
         "name": "vSphere World",
         "resourceKindKey": "vSphere World"
      }],
      "resourceKind": [{
         "adapterKindKey": "VMWARE",
         "internalId": "resourceKind:id:0_::_",
         "resourceKindKey": "vSphere World"
      }]
   },
   "uuid": "ff5a5d38-efe5-403e-8d1e-fddb3ba7153f"
}